title	publication_date	journal	doi	url	citation_count	score	tags	innovation	limitations	next_steps	mof_relevance	transfer_distance	mof_transfer_route
Strength of Interlayer Metal–Metal Coupling as Key Active Site Configuration and Atomic Descriptor for Single-Atom Catalysts	2026-07-09	Journal of the American Chemical Society	https://doi.org/10.1021/jacs.6c04989	https://doi.org/10.1021/jacs.6c04989	0	19.978	catalysis,catalyst_descriptor,electrocatalysis,h2,ml,priority_journal,separation,uncertainty	Using machine learning and data mining, we further identify local electronic-structure descriptors that enable quantitative structure-activity relationships to guide catalyst design.	Descriptor transfer depends on whether the proposed active-site model remains physically faithful in MOF node or defect environments. Acquisition functions and uncertainty estimates may be poorly calibrated outside the original chemistry domain.	Test whether active-site descriptors transfer to MOF nodes, defects, bimetallic sites, or local-field-controlled catalytic regimes. Use uncertainty-aware active learning to choose MOF calculations that probe new nodes, linkers, and guest-loaded states.	Active-site descriptor or model-selection idea can transfer to MOF catalysis through metal-node, defect, bimetallic, or local-field descriptors.	adjacent materials	Adapt active-site model-selection and descriptor mining to MOF metal nodes, defects, bimetallic sites, or local-field catalytic motifs.
Strength of InterlayerMetal–Metal Couplingas Key Active Site Configuration and Atomic Descriptor for Single-AtomCatalysts	2026-07-09	Figshare	https://doi.org/10.1021/jacs.6c04989.s001	https://figshare.com/articles/journal_contribution/Strength_of_Interlayer_Metal_Metal_Coupling_as_Key_Active_Site_Configuration_and_Atomic_Descriptor_for_Single-Atom_Catalysts/32948290	0	16.478	catalysis,catalyst_descriptor,electrocatalysis,h2,ml,separation,uncertainty	Using machine learning and data mining, we further identify local electronic-structure descriptors that enable quantitative structure–activity relationships to guide catalyst design.	Descriptor transfer depends on whether the proposed active-site model remains physically faithful in MOF node or defect environments. Acquisition functions and uncertainty estimates may be poorly calibrated outside the original chemistry domain.	Test whether active-site descriptors transfer to MOF nodes, defects, bimetallic sites, or local-field-controlled catalytic regimes. Use uncertainty-aware active learning to choose MOF calculations that probe new nodes, linkers, and guest-loaded states.	Active-site descriptor or model-selection idea can transfer to MOF catalysis through metal-node, defect, bimetallic, or local-field descriptors.	adjacent materials	Adapt active-site model-selection and descriptor mining to MOF metal nodes, defects, bimetallic sites, or local-field catalytic motifs.
Accelerating Catalyst Materials Discovery With Large Artificial Intelligence Models	2026-02-17	Angewandte Chemie International Edition	https://doi.org/10.1002/anie.202526150	https://doi.org/10.1002/anie.202526150	9	15.303	active_learning,catalysis,foundation_model,h2,high_throughput,interatomic_potential,ml,multimodal,priority_journal	The integration of artificial intelligence (AI) into catalysis is fundamentally reshaping the research paradigm of catalyst discovery.	Pretraining benefits may fade for underrepresented MOF metal nodes, defects, or guest-loaded structures. Acquisition functions and uncertainty estimates may be poorly calibrated outside the original chemistry domain.	Fine-tune on MOF datasets and test whether transfer helps scarce labels such as flexibility, defects, or guest response. Use uncertainty-aware active learning to choose MOF calculations that probe new nodes, linkers, and guest-loaded states.	Pretraining or transfer-learning route is promising for MOF tasks with sparse labels or many related properties.	adjacent materials	Use reaction-specific small-data learning as a template for MOF catalytic active-site or reaction-family datasets.
Boosting Computational Catalysis and Chemical Reactivity with Artificial Intelligence	2026-02-20	Journal of the American Chemical Society	https://doi.org/10.1021/jacs.5c17786	https://doi.org/10.1021/jacs.5c17786	2	14.332	catalysis,foundation_model,generative_model,interatomic_potential,ml,priority_journal,review,separation	Artificial intelligence (AI) and machine learning (ML) are rapidly reshaping the landscape of computational chemistry, offering new opportunities for accelerating catalyst discovery and deepening our understanding of chemical reactivity.	Generative candidates may need explicit topology, charge-balance, and synthesizability constraints before MOF transfer. Pretraining benefits may fade for underrepresented MOF metal nodes, defects, or guest-loaded structures.	Recast the generator with MOF topology, linker-node compatibility, charge, and synthetic-accessibility constraints. Fine-tune on MOF datasets and test whether transfer helps scarce labels such as flexibility, defects, or guest response.	Generative or inverse-design idea may transfer to MOFs if topology, charge, and synthesizability constraints are made explicit.	adjacent materials	Use reaction-specific small-data learning as a template for MOF catalytic active-site or reaction-family datasets.
Machine Learning-Guided Discovery of PGM-Lean High-Entropy Alloys for Efficient Solar Hydrogen Evolution	2026-07-07	ECS Meeting Abstracts	https://doi.org/10.1149/ma2026-01412092mtgabs	https://doi.org/10.1149/ma2026-01412092mtgabs	0	13.956	adsorption,alloy,catalysis,catalyst_descriptor,dft,electrocatalysis,force_field,h2,high_throughput,ml,uncertainty	Despite this progress, the atomic-scale origins of HER activity in HEAs—specifically the geometric and electronic descriptors governing optimal hydrogen binding—remain insufficiently understood.	Descriptor transfer depends on whether the proposed active-site model remains physically faithful in MOF node or defect environments. Acquisition functions and uncertainty estimates may be poorly calibrated outside the original chemistry domain.	Test whether active-site descriptors transfer to MOF nodes, defects, bimetallic sites, or local-field-controlled catalytic regimes. Use uncertainty-aware active learning to choose MOF calculations that probe new nodes, linkers, and guest-loaded states.	Active-site descriptor or model-selection idea can transfer to MOF catalysis through metal-node, defect, bimetallic, or local-field descriptors.	adjacent materials	Adapt active-site model-selection and descriptor mining to MOF metal nodes, defects, bimetallic sites, or local-field catalytic motifs.
Underexplored Catalysts as General Structures: Application of Machine Learning Techniques for Reaction‐Specific Datasets	2026-07-10	Angewandte Chemie	https://doi.org/10.1002/ange.8169897	https://doi.org/10.1002/ange.8169897	0	13.189	catalysis,h2,high_throughput,ml,priority_journal,reaction_dataset	General catalysts are usually identified through broad experimental screening to find structures that perform reliably across many substrates and reaction classes.	Catalyst generality inferred from sparse historical reaction data can still reflect reporting bias and needs targeted validation. Likely sensitive to training-set coverage and transferability across chemistries.	Rebuild the workflow on MOF catalytic reaction families with explicit scaffold generality, reporting-bias, and validation splits. Add kinetics, explicit environment effects, and active-site reconstruction checks.	Reaction-specific small-data workflow is useful for MOF catalysis if catalyst generality, literature bias, and scaffold validation are made explicit.	adjacent materials	Adapt catalyst-generality scoring to MOF catalytic reaction families, biased literature data, and targeted experimental or DFT validation.
Design paradigms for Pt-based electrocatalysts toward acidic oxygen reduction in proton exchange membrane fuel cells	2026-07-08	Frontiers in Materials	https://doi.org/10.3389/fmats.2026.1865153	https://doi.org/10.3389/fmats.2026.1865153	0	12.667	alloy,battery,catalysis,catalyst_descriptor,h2,review	The widespread commercialization of proton exchange membrane fuel cells (PEMFCs) relies fundamentally on developing cost-effective, highly active Pt-based cathode electrocatalysts.	Descriptor transfer depends on whether the proposed active-site model remains physically faithful in MOF node or defect environments. Catalytic conclusions are likely thermodynamics-heavy unless kinetics or explicit environment are included.	Test whether active-site descriptors transfer to MOF nodes, defects, bimetallic sites, or local-field-controlled catalytic regimes. Add kinetics, explicit environment effects, and active-site reconstruction checks.	Active-site descriptor or model-selection idea can transfer to MOF catalysis through metal-node, defect, bimetallic, or local-field descriptors.	adjacent materials	Adapt active-site model-selection and descriptor mining to MOF metal nodes, defects, bimetallic sites, or local-field catalytic motifs.
Harnessing machine learning for electrochemical CO 2 reduction: current progress and future perspectives	2026-06-23	Micro Nano Science	https://doi.org/10.20517/mns.2025.06	https://doi.org/10.20517/mns.2025.06	0	11.500	catalysis,co2,electrocatalysis,h2,ml,oxide,physics_informed,review,separation	Electrochemical carbon dioxide reduction (CO 2 RR) is regarded as a promising strategy for achieving sustainable carbon utilization, but the complexity and multi-scale characteristics of this reaction process pose significant challenges for the rational design of catalysts.The integration of machine learning (ML) with electrocatalysis can establish cross-scale connections among atomic structure, dynamic interfacial microenvironments, and macroscopic catalytic performance, thereby enabling predictive analysis of catalyst activity, product selectivity, reaction pathways, and electrochemical environment regulation.This outlook integrates recent advances in ML-assisted CO 2 RR, highlights the key challenges in data quality, feature interpretability, and multiscale integration, and proposes future directions for combining physics-informed modeling with realistic electrochemical reaction environments.With advances in ML, automated experimentation, and multi-source data integration, a self-evolving catalyst design platform is expected to be established.	Likely sensitive to training-set coverage and transferability across chemistries. Catalytic conclusions are likely thermodynamics-heavy unless kinetics or explicit environment are included.	Test humid or multicomponent conditions and connect material metrics to process-level targets. Add kinetics, explicit environment effects, and active-site reconstruction checks.	Potentially useful as a neighboring-method reference.	adjacent materials	Use reaction-specific small-data learning as a template for MOF catalytic active-site or reaction-family datasets.
Fine-tuning large language models to generate single-atom catalyst synthesis procedures	2026-06-19	Communications Chemistry	https://doi.org/10.1038/s42004-026-02046-y	https://doi.org/10.1038/s42004-026-02046-y	0	11.256	catalysis,foundation_model,h2,review,transfer_learning	We demonstrate the model's practicality through a user interface allowing researchers to query procedures tailored to their design conditions.	Pretraining benefits may fade for underrepresented MOF metal nodes, defects, or guest-loaded structures. Catalytic conclusions are likely thermodynamics-heavy unless kinetics or explicit environment are included.	Fine-tune on MOF datasets and test whether transfer helps scarce labels such as flexibility, defects, or guest response. Add kinetics, explicit environment effects, and active-site reconstruction checks.	Pretraining or transfer-learning route is promising for MOF tasks with sparse labels or many related properties.	adjacent materials	Use reaction-specific small-data learning as a template for MOF catalytic active-site or reaction-family datasets.
Harnessing Artificial Intelligence (AI) for a greener future: a review of AI advancements in green chemistry, chemical processes and sustainable materials	2026-06-01	Applied Intelligence	https://doi.org/10.1007/s10489-026-07326-7	https://doi.org/10.1007/s10489-026-07326-7	0	11.056	active_learning,catalysis,equivariant_ml,h2,ml,polymer,review,separation	The rise of artificial intelligence (AI), particularly machine learning (ML), is fundamentally reshaping how we pursue green chemistry and sustainable chemical processes.	Acquisition functions and uncertainty estimates may be poorly calibrated outside the original chemistry domain. Representation gains depend on whether periodicity, long-range electrostatics, and porous-framework topology are handled.	Use uncertainty-aware active learning to choose MOF calculations that probe new nodes, linkers, and guest-loaded states. Benchmark node/linker-aware periodic graphs against generic crystal representations on MOF properties.	Active-learning or uncertainty workflow could help decide which MOF DFT/MD/GCMC labels are worth generating next.	adjacent materials	Use reaction-specific small-data learning as a template for MOF catalytic active-site or reaction-family datasets.
Reactive Molecular Dynamics of Hydrogen Evolution at Charged Interfaces Using Machine Learning Potentials	2026-07-14	ChemRxiv	https://doi.org/10.26434/chemrxiv.15006079/v1	https://doi.org/10.26434/chemrxiv.15006079/v1	0	11.033	catalysis,dft,electrocatalysis,equivariant_ml,h2,interatomic_potential,md,ml,separation,two_d_material,water	Here, we develop an equivariant machine learning interatomic potential trained on density functional theory data for electrochemically activated MoS2/water interfaces under charged conditions.	Representation gains depend on whether periodicity, long-range electrostatics, and porous-framework topology are handled. Likely sensitive to training-set coverage and transferability across chemistries.	Benchmark node/linker-aware periodic graphs against generic crystal representations on MOF properties. Test humid or multicomponent conditions and connect material metrics to process-level targets.	Representation-learning advance may transfer to MOFs after adding porous-crystal topology and metal-node chemistry.	adjacent materials	Use reaction-specific small-data learning as a template for MOF catalytic active-site or reaction-family datasets.
AI/ML-Enabled Advanced Oxidation for Real Wastewater Treatment: Mechanistic Evidence, Multi-Objective Optimization, and Scale-Up Roadmaps	2026-06-29	Catalysts	https://doi.org/10.3390/catal16070596	https://doi.org/10.3390/catal16070596	0	10.567	catalysis,h2,high_throughput,ml,review,uncertainty	Advanced oxidation processes (AOPs) are widely applied to degrade recalcitrant organic contaminants in municipal effluents, industrial wastewaters, and water-reuse streams.	Acquisition functions and uncertainty estimates may be poorly calibrated outside the original chemistry domain. Likely sensitive to training-set coverage and transferability across chemistries.	Use uncertainty-aware active learning to choose MOF calculations that probe new nodes, linkers, and guest-loaded states. Add kinetics, explicit environment effects, and active-site reconstruction checks.	Active-learning or uncertainty workflow could help decide which MOF DFT/MD/GCMC labels are worth generating next.	adjacent materials	Use reaction-specific small-data learning as a template for MOF catalytic active-site or reaction-family datasets.
Few-Shot Ensemble Learning for Catalysis and Application to Trimetallics for Oxygen Reduction	2026-03-02	ACS Catalysis	https://doi.org/10.1021/acscatal.5c08168	https://doi.org/10.1021/acscatal.5c08168	1	10.538	adsorption,alloy,catalysis,dft,h2,high_throughput,interatomic_potential,transfer_learning,uncertainty	Machine-learned interatomic potentials (MLIPs) are increasingly used to accelerate catalyst discovery, but their accuracy and utility are often unclear, particularly when applying them to different computational setups or design spaces than those of the training data.	Acquisition functions and uncertainty estimates may be poorly calibrated outside the original chemistry domain. Electronic-structure trends may be stronger than finite-temperature dynamics, solvent, or kinetics.	Fine-tune on MOF datasets and test whether transfer helps scarce labels such as flexibility, defects, or guest response. Use uncertainty-aware active learning to choose MOF calculations that probe new nodes, linkers, and guest-loaded states.	Pretraining or transfer-learning route is promising for MOF tasks with sparse labels or many related properties.	adjacent materials	Use reaction-specific small-data learning as a template for MOF catalytic active-site or reaction-family datasets.
A green solvent screening tool for emerging materials via uncertainty aware, transformer enhanced transfer learning	2026-06-11	arXiv (Cornell University)		https://arxiv.org/abs/2606.13060	0	10.167	battery,catalysis,h2,high_throughput,ml,transfer_learning,uncertainty	Overall, we augment data on solubility descriptors by orders of magnitude with high quality predictions.	Acquisition functions and uncertainty estimates may be poorly calibrated outside the original chemistry domain. Likely sensitive to training-set coverage and transferability across chemistries.	Fine-tune on MOF datasets and test whether transfer helps scarce labels such as flexibility, defects, or guest response. Use uncertainty-aware active learning to choose MOF calculations that probe new nodes, linkers, and guest-loaded states.	Pretraining or transfer-learning route is promising for MOF tasks with sparse labels or many related properties.	adjacent materials	Use reaction-specific small-data learning as a template for MOF catalytic active-site or reaction-family datasets.
Interpretable Machine Learning of Nanoparticle Stability through Topological Layer Embeddings	2026-06-27	The Journal of Physical Chemistry A	https://doi.org/10.1021/acs.jpca.6c01508	https://doi.org/10.1021/acs.jpca.6c01508	0	10.044	dft,h2,ml,symbolic_regression	Here, we introduce a data-efficient and physically interpretable machine-learning framework based on a fragmented, layer-resolved descriptor that explicitly decomposes nanoparticles into surface, intermediate, and core environments using a topology-driven definition.	Likely sensitive to training-set coverage and transferability across chemistries. Electronic-structure trends may be stronger than finite-temperature dynamics, solvent, or kinetics.	Benchmark uncertainty and out-of-domain behavior before broad screening claims.	Potentially useful as a neighboring-method reference.	distant method analogy	Keep only if the full paper exposes a reusable representation, validation loop, or data-efficiency strategy for a concrete MOF task.
A data-efficient reactive machine learning potential to accelerate automated exploration of complex reaction networks	2026-01-12	ChemRxiv	https://doi.org/10.26434/chemrxiv-2025-sm7f3-v2	https://doi.org/10.26434/chemrxiv-2025-sm7f3-v2	2	9.599	active_learning,high_throughput,interatomic_potential,md,ml,separation	Reactive machine learning potentials (MLPs) significantly benefits high-throughput exploration of complex reaction networks.	Acquisition functions and uncertainty estimates may be poorly calibrated outside the original chemistry domain. Likely sensitive to training-set coverage and transferability across chemistries.	Use uncertainty-aware active learning to choose MOF calculations that probe new nodes, linkers, and guest-loaded states. Test humid or multicomponent conditions and connect material metrics to process-level targets.	Active-learning or uncertainty workflow could help decide which MOF DFT/MD/GCMC labels are worth generating next.	distant method analogy	Use uncertainty or acquisition logic to choose which MOF DFT, MD, or GCMC labels to compute next.
Machine Learning Prediction of Thermal Properties of PHB/PHBV-Based Materials: A Quantitative Structure–Property Relationship Approach Using an Integrated Polymer Database	2026-06-23	Polymers	https://doi.org/10.3390/polym18131559	https://doi.org/10.3390/polym18131559	0	9.500	crystal,h2,high_throughput,ml,polymer,transfer_learning	Two ML models, Random Forest (RF) and eXtreme Gradient Boosting (XGBoost), were utilized to predict values of Tg, Tc, and Tm using feature engineering methods that integrated chemistry-based descriptors with polymer-specific and experimental variables.	Likely sensitive to training-set coverage and transferability across chemistries. Screening conclusions may depend on idealized structures, force fields, and missing defects/flexibility.	Fine-tune on MOF datasets and test whether transfer helps scarce labels such as flexibility, defects, or guest response. Benchmark uncertainty and out-of-domain behavior before broad screening claims.	Pretraining or transfer-learning route is promising for MOF tasks with sparse labels or many related properties.	adjacent materials	Fine-tune or adapt the representation on sparse MOF labels such as flexibility, defects, guest response, or adsorption regimes.
Leveraging Hidden-Space Representations Effectively in Bayesian Optimization for Experiment Design through Dimension-Aware Hyperpriors	2026-02-09	ChemRxiv	https://doi.org/10.26434/chemrxiv.10001986/v2	https://doi.org/10.26434/chemrxiv.10001986/v2	0	9.411	active_learning,foundation_model,gnn,h2,high_throughput,ml,uncertainty	We demonstrate that different chemical representations induce substantial variations in search-space dimensionality, which, when paired with fixed or mismatched lengthscale hyperpriors, lead to flat marginal likelihood landscapes and severely degrade surrogate learning and acquisition optimization.	Pretraining benefits may fade for underrepresented MOF metal nodes, defects, or guest-loaded structures. Acquisition functions and uncertainty estimates may be poorly calibrated outside the original chemistry domain.	Fine-tune on MOF datasets and test whether transfer helps scarce labels such as flexibility, defects, or guest response. Use uncertainty-aware active learning to choose MOF calculations that probe new nodes, linkers, and guest-loaded states.	Pretraining or transfer-learning route is promising for MOF tasks with sparse labels or many related properties.	distant method analogy	Fine-tune or adapt the representation on sparse MOF labels such as flexibility, defects, guest response, or adsorption regimes.
Machine learning approaches to optimization in chemical compound space	2026-01-01	cIRcle (University of British Columbia)		http://hdl.handle.net/2429/94787	0	9.178	active_learning,catalysis,h2,md,ml,physics_informed,transfer_learning	This thesis develops data-driven strategies for optimization in molecular descriptor-property space, a central challenge in chemistry with applications ranging from drug discovery to catalyst design.	Acquisition functions and uncertainty estimates may be poorly calibrated outside the original chemistry domain. Likely sensitive to training-set coverage and transferability across chemistries.	Fine-tune on MOF datasets and test whether transfer helps scarce labels such as flexibility, defects, or guest response. Use uncertainty-aware active learning to choose MOF calculations that probe new nodes, linkers, and guest-loaded states.	Pretraining or transfer-learning route is promising for MOF tasks with sparse labels or many related properties.	adjacent materials	Use reaction-specific small-data learning as a template for MOF catalytic active-site or reaction-family datasets.
Hierarchical Multi-Fidelity Learning for Predicting Three-Dimensional Flame Wrinkling and Turbulent Burning Velocity	2026-05-06	arXiv (Cornell University)		https://arxiv.org/abs/2605.08232	0	8.967	h2,md,ml,separation,surrogate_model	Here, we develop a hierarchical multi-fidelity neural network framework (MuFiNNs) to address this challenge by integrating sparse high-fidelity experimental data with structured low-fidelity representations encoding dominant physical trends.	Likely sensitive to training-set coverage and transferability across chemistries.	Test humid or multicomponent conditions and connect material metrics to process-level targets. Benchmark uncertainty and out-of-domain behavior before broad screening claims.	Potentially useful as a neighboring-method reference.	distant method analogy	Keep only if the full paper exposes a reusable representation, validation loop, or data-efficiency strategy for a concrete MOF task.
A GAN-Augmented Machine Learning Framework for Predicting Raman Characteristics in Carbon Nanofiber Synthesis	2026-01-14	Open MIND	https://doi.org/10.11575/prism/51023	https://hdl.handle.net/1880/123989	0	8.522	catalysis,ml,physics_informed,transfer_learning	This thesis explores a hybrid data-driven framework for predicting the structural quality of Carbon Nanofibers (CNFs) synthesized via Chemical Vapor Deposition (CVD).	Likely sensitive to training-set coverage and transferability across chemistries. Catalytic conclusions are likely thermodynamics-heavy unless kinetics or explicit environment are included.	Fine-tune on MOF datasets and test whether transfer helps scarce labels such as flexibility, defects, or guest response. Add kinetics, explicit environment effects, and active-site reconstruction checks.	Pretraining or transfer-learning route is promising for MOF tasks with sparse labels or many related properties.	adjacent materials	Use reaction-specific small-data learning as a template for MOF catalytic active-site or reaction-family datasets.
Expert-Informed Contrastive Learning of Condition Space for Amide Coupling Reactions	2026-03-18	ChemRxiv	https://doi.org/10.26434/chemrxiv.15001054/v1	https://doi.org/10.26434/chemrxiv.15001054/v1	0	8.422	h2,high_throughput,ml,self_supervised,separation	Here, we present a novel machine learning framework designed to generate chemically relevant representations for sets of conditions.	Pretraining benefits may fade for underrepresented MOF metal nodes, defects, or guest-loaded structures. Likely sensitive to training-set coverage and transferability across chemistries.	Fine-tune on MOF datasets and test whether transfer helps scarce labels such as flexibility, defects, or guest response. Test humid or multicomponent conditions and connect material metrics to process-level targets.	Pretraining or transfer-learning route is promising for MOF tasks with sparse labels or many related properties.	distant method analogy	Fine-tune or adapt the representation on sparse MOF labels such as flexibility, defects, guest response, or adsorption regimes.
An overview of reaction outcome prediction with physics-based and data-driven methods	2026-01-01	Chemical Society Reviews	https://doi.org/10.1039/d6cs00079g	https://doi.org/10.1039/d6cs00079g	0	8.378	h2,interatomic_potential,md,ml,review,separation,uncertainty	.	Acquisition functions and uncertainty estimates may be poorly calibrated outside the original chemistry domain. Likely sensitive to training-set coverage and transferability across chemistries.	Use uncertainty-aware active learning to choose MOF calculations that probe new nodes, linkers, and guest-loaded states. Test humid or multicomponent conditions and connect material metrics to process-level targets.	Active-learning or uncertainty workflow could help decide which MOF DFT/MD/GCMC labels are worth generating next.	distant method analogy	Use uncertainty or acquisition logic to choose which MOF DFT, MD, or GCMC labels to compute next.
ScopeMap: An AI-Assisted, Human-in-the-Loop Workflow for Mapping Reaction Scope and Boundaries	2026-01-16	ChemRxiv	https://doi.org/10.26434/chemrxiv-2026-kqz7d	https://doi.org/10.26434/chemrxiv-2026-kqz7d	0	7.744	h2,reaction_dataset	Herein, we introduce ScopeMap, an iterative, human-in-the-loop workflow designed to efficiently map functional limits rather than merely maximizing performance.	Catalyst generality inferred from sparse historical reaction data can still reflect reporting bias and needs targeted validation.	Rebuild the workflow on MOF catalytic reaction families with explicit scaffold generality, reporting-bias, and validation splits.	Reaction-specific small-data workflow is useful for MOF catalysis if catalyst generality, literature bias, and scaffold validation are made explicit.	distant method analogy	Adapt catalyst-generality scoring to MOF catalytic reaction families, biased literature data, and targeted experimental or DFT validation.
Out-of-Distribution Generalization for Neural Physics Solvers	2026-01-27	arXiv (Cornell University)		http://arxiv.org/abs/2601.19091	0	6.867	h2,md,ml,uncertainty	We introduce NOVA, a route to generalizable neural physics solvers that can provide rapid, accurate solutions to scenarios even under distributional shifts in partial differential equation parameters, geometries and initial conditions.	Acquisition functions and uncertainty estimates may be poorly calibrated outside the original chemistry domain. Likely sensitive to training-set coverage and transferability across chemistries.	Use uncertainty-aware active learning to choose MOF calculations that probe new nodes, linkers, and guest-loaded states. Benchmark uncertainty and out-of-domain behavior before broad screening claims.	Active-learning or uncertainty workflow could help decide which MOF DFT/MD/GCMC labels are worth generating next.	distant method analogy	Use uncertainty or acquisition logic to choose which MOF DFT, MD, or GCMC labels to compute next.
Expanding frontiers of complex reaction network exploration through a general reactive machine learning potential	2025-05-29	Research Square	https://doi.org/10.21203/rs.3.rs-6458754/v1	https://doi.org/10.21203/rs.3.rs-6458754/v1	0	4.167	interatomic_potential,ml	Expanding frontiers of complex reaction network exploration through a general reactive machine learning potential	Likely sensitive to training-set coverage and transferability across chemistries.	Extend training to guest-loaded, distorted, and diffusion-transition configurations. Benchmark uncertainty and out-of-domain behavior before broad screening claims.	MLIP route can transfer to MOFs if trained on flexible, guest-loaded, and charged configurations.	distant method analogy	Use the MLIP workflow for flexible, guest-loaded, charged, or diffusion-transition MOF configurations.
Artificial intelligence-driven platform for catalytic reactor discovery and optimization applied to carbon dioxide valorization	2025-02-20	ChemRxiv	https://doi.org/10.26434/chemrxiv-2025-3gstc	https://doi.org/10.26434/chemrxiv-2025-3gstc	0	4.078	active_learning,co2,high_throughput,ml,oxide	It integrates the parametric design and analysis of advanced structures from mathematic models (Reac-Gen), the high-resolution 3D printing and functionalization of catalytic reactors (Reac-Fab) with an algorithm that validates the printability of reactor designs and a self-driving laboratory platform (Reac-Eval) capable of parallel multi-reactor evaluations featuring real-time NMR monitoring and machine learning (ML) simultaneous optimization of process parameters and topologic descriptors.	Acquisition functions and uncertainty estimates may be poorly calibrated outside the original chemistry domain. Likely sensitive to training-set coverage and transferability across chemistries.	Use uncertainty-aware active learning to choose MOF calculations that probe new nodes, linkers, and guest-loaded states. Benchmark uncertainty and out-of-domain behavior before broad screening claims.	Active-learning or uncertainty workflow could help decide which MOF DFT/MD/GCMC labels are worth generating next.	adjacent materials	Use uncertainty or acquisition logic to choose which MOF DFT, MD, or GCMC labels to compute next.
