title	publication_date	journal	doi	url	citation_count	score	tags	innovation	limitations	next_steps	mof_relevance
Evaluating mechanical property prediction across material classes using molecular dynamics simulations with universal machine-learned interatomic potentials	2026-05-06	Communications Chemistry	https://doi.org/10.1038/s42004-026-02057-9	https://doi.org/10.1038/s42004-026-02057-9	0	11.056	dft,equivariant_ml,force_field,gnn,h2,high_throughput,interatomic_potential,md,ml,mof	Simulating the mechanical and thermal properties of materials requires accurate treatment of interatomic interactions, yet quantum-mechanical methods can be computationally prohibitive for the time scales needed.	Representation gains depend on whether periodicity, long-range electrostatics, and porous-framework topology are handled. Likely sensitive to training-set coverage and transferability across chemistries.	Benchmark node/linker-aware periodic graphs against generic crystal representations on MOF properties. Extend training to guest-loaded, distorted, and diffusion-transition configurations.	Already in the MOF literature; keep it only if the method adds a new representation, label space, or uncertainty/active-learning angle.
Harnessing AtomisticSkills for Agentic Atomistic Research	2026-05-18	arXiv (Cornell University)		https://arxiv.org/abs/2605.24002	0	10.189	battery,catalysis,co2,dft,electrolyte,foundation_model,h2,high_throughput,interatomic_potential,md,ml,mof,multimodal,oxide,separation,transfer_learning	Here, we introduce AtomisticSkills, an open-source harness framework that empowers general-purpose AI coding agents to conduct atomistic research across materials science, chemistry, and drug discovery.	Pretraining benefits may fade for underrepresented MOF metal nodes, defects, or guest-loaded structures. Likely sensitive to training-set coverage and transferability across chemistries.	Fine-tune on MOF datasets and test whether transfer helps scarce labels such as flexibility, defects, or guest response. Test humid or multicomponent conditions and connect material metrics to process-level targets.	Already in the MOF literature; keep it only if the method adds a new representation, label space, or uncertainty/active-learning angle.
PoroNet: An Intrinsically Interpretable Pore Graph Neural Network for Resolving Pore-Level Adsorption in Metal–Organic Frameworks	2026-05-29	Journal of Chemical Theory and Computation	https://doi.org/10.1021/acs.jctc.6c00100	https://doi.org/10.1021/acs.jctc.6c00100	0	9.811	adsorption,catalysis,gnn,h2,high_throughput,ml,mof,separation	In this work, we introduce PoroNet, an intrinsically interpretable graph neural network architecture built on a graph representation of the pore network (i.e., pore graph).	Representation gains depend on whether periodicity, long-range electrostatics, and porous-framework topology are handled. Likely sensitive to training-set coverage and transferability across chemistries.	Benchmark node/linker-aware periodic graphs against generic crystal representations on MOF properties. Test humid or multicomponent conditions and connect material metrics to process-level targets.	Already in the MOF literature; keep it only if the method adds a new representation, label space, or uncertainty/active-learning angle.
Smart Catalyst Design: Integrating Structure–Activity Relationships with Computational and Data-Driven Approaches	2026-04-22	International Journal of Creative and Open Research in Engineering and Management	https://doi.org/10.55041/ijcope.v2i4.571	https://doi.org/10.55041/ijcope.v2i4.571	0	9.400	catalysis,co2,electrocatalysis,high_throughput,ml,mof,review,separation	Special attention is given to the emerging approaches based on the exploitation of designer-like methods, high-throughput experimentation, and data-driven approaches, to explore huge compositional and structural spaces.	Likely sensitive to training-set coverage and transferability across chemistries. Screening conclusions may depend on idealized structures, force fields, and missing defects/flexibility.	Test humid or multicomponent conditions and connect material metrics to process-level targets. Add kinetics, explicit environment effects, and active-site reconstruction checks.	Directly relevant to MOF work, but likely less novel for this transfer-focused profile.
aim2dat: A Python infrastructure for automated ab initio material modeling and data analysis	2026-04-29	ArXiv.org		https://arxiv.org/abs/2604.26551	0	8.978	battery,dft,h2,high_throughput,ml,mof	Herein, we introduce the Automated Ab Initio Materials Modeling and Data Analysis Toolkit (aim2dat), a Python package offering a user-friendly interface to generate and handle big data, design high-throughput workflows based on density functional theory calculations, and analyze the output.	Likely sensitive to training-set coverage and transferability across chemistries. Electronic-structure trends may be stronger than finite-temperature dynamics, solvent, or kinetics.	Benchmark uncertainty and out-of-domain behavior before broad screening claims.	Directly relevant to MOF work, but likely less novel for this transfer-focused profile.
FLAMES – A flexible and extensible code for Monte Carlo simulations of nanoporous materials	2026-06-11	ChemRxiv	https://doi.org/10.26434/chemrxiv.15004623/v1	https://doi.org/10.26434/chemrxiv.15004623/v1	0	8.956	adsorption,cof,dft,force_field,gcmc,h2,interatomic_potential,md,mof,porous_material,zeolite	Here, we introduce FLAMES (Flexible Lattice Adsorption by Monte Carlo Engine Simulation), a new software package designed to perform Monte Carlo-based simulations of nanoporous materials using MLIPs and other energy calculation methods, paving the way for more accurate and physically realistic molecular simulations.	Screening conclusions may depend on idealized structures, force fields, and missing defects/flexibility.	Test humid or multicomponent conditions and connect material metrics to process-level targets. Extend training to guest-loaded, distorted, and diffusion-transition configurations.	Already in the MOF literature; keep it only if the method adds a new representation, label space, or uncertainty/active-learning angle.
Applied Design Strategies for MOFs in CO 2 Capture: Balancing Stability, Selectivity, and Scalability	2026-06-01	ChemistrySelect	https://doi.org/10.1002/slct.73531	https://doi.org/10.1002/slct.73531	0	8.844	co2,h2,high_throughput,ml,mof,oxide,porous_material,review,separation	ABSTRACT Metal–organic frameworks (MOFs) have become promising materials for capturing carbon dioxide from industrial sources and the atmosphere due to their adjustable porosity, high surface areas, and customizable chemical properties.	Likely sensitive to training-set coverage and transferability across chemistries. Screening conclusions may depend on idealized structures, force fields, and missing defects/flexibility.	Test humid or multicomponent conditions and connect material metrics to process-level targets. Benchmark uncertainty and out-of-domain behavior before broad screening claims.	Directly relevant to MOF work, but likely less novel for this transfer-focused profile.
Sustainable Metal-Organic Framework Water Harvesters in the Artificial Intelligence Era	2026-05-27	ArXiv.org		https://arxiv.org/abs/2605.29179	0	8.789	adsorption,crystal,foundation_model,generative_model,h2,mof,review,separation,water	Metal-organic frameworks (MOFs) are excellent candidates for water harvesting due to their tunable pore environments, which can be precisely engineered to capture and release water in arid conditions.	Generative candidates may need explicit topology, charge-balance, and synthesizability constraints before MOF transfer. Pretraining benefits may fade for underrepresented MOF metal nodes, defects, or guest-loaded structures.	Recast the generator with MOF topology, linker-node compatibility, charge, and synthetic-accessibility constraints. Fine-tune on MOF datasets and test whether transfer helps scarce labels such as flexibility, defects, or guest response.	Already in the MOF literature; keep it only if the method adds a new representation, label space, or uncertainty/active-learning angle.
Supporting Dataset for Benchmarking Universal Machine-Learned Interatomic Potentials for High-Temperature Metal-Organic Framework Chemistry	2026-04-28	The University of Adelaide	https://doi.org/10.25909/32061111	https://doi.org/10.25909/32061111	0	8.467	crystal,dft,high_throughput,interatomic_potential,md,mof	This dataset contains computational data supporting the research article "Benchmarking Universal Machine-Learned Interatomic Potentials for High-Temperature Metal-Organic Framework Chemistry." The repository includes ab initio molecular dynamics (AIMD) trajectories, CP2K input files, and analysis scripts used in the study.	Screening conclusions may depend on idealized structures, force fields, and missing defects/flexibility.	Extend training to guest-loaded, distorted, and diffusion-transition configurations.	Already in the MOF literature; keep it only if the method adds a new representation, label space, or uncertainty/active-learning angle.
Benchmarking Universal Machine-Learned Interatomic Potentials for High-Temperature Metal-Organic Framework Chemistry	2026-04-28	ArXiv.org		https://arxiv.org/abs/2604.25262	0	8.467	co2,dft,equivariant_ml,foundation_model,h2,high_throughput,interatomic_potential,md,mof,separation	Here, we present a new high-temperature benchmarking dataset of 40~ps ab~initio molecular dynamics (AIMD) trajectories simulated at 300, 1000, and 2000 K for nine zinc- and zirconium-based metal-organic frameworks (MOFs): ZIF-8, CALF-20, MOF-10, MOF-5, MIP-206, UiO-66, UiO-67, UiO-66-NH2, and NU-1000.	Pretraining benefits may fade for underrepresented MOF metal nodes, defects, or guest-loaded structures. Representation gains depend on whether periodicity, long-range electrostatics, and porous-framework topology are handled.	Fine-tune on MOF datasets and test whether transfer helps scarce labels such as flexibility, defects, or guest response. Benchmark node/linker-aware periodic graphs against generic crystal representations on MOF properties.	Already in the MOF literature; keep it only if the method adds a new representation, label space, or uncertainty/active-learning angle.
Supporting Dataset for Benchmarking Universal Machine-Learned Interatomic Potentials for High-Temperature Metal-Organic Framework Chemistry	2026-04-28	The University of Adelaide	https://doi.org/10.25909/32061111.v1	https://doi.org/10.25909/32061111.v1	0	8.467	crystal,dft,high_throughput,interatomic_potential,md,mof	This dataset contains computational data supporting the research article "Benchmarking Universal Machine-Learned Interatomic Potentials for High-Temperature Metal-Organic Framework Chemistry." The repository includes ab initio molecular dynamics (AIMD) trajectories, CP2K input files, and analysis scripts used in the study.	Screening conclusions may depend on idealized structures, force fields, and missing defects/flexibility.	Extend training to guest-loaded, distorted, and diffusion-transition configurations.	Already in the MOF literature; keep it only if the method adds a new representation, label space, or uncertainty/active-learning angle.
ReadMOF: Structure-Free Semantic Embeddings from Systematic MOF Nomenclature for Machine Learning	2026-04-13	ChemRxiv	https://doi.org/10.26434/chemrxiv.15001888/v1	https://doi.org/10.26434/chemrxiv.15001888/v1	0	8.300	foundation_model,h2,high_throughput,ml,mof	Here we introduce ReadMOF, which is, to our knowledge, the first nomenclature-free machine learning framework that leverages these names to model structure-property relationships without requiring atomic coordinates or connectivity graphs.	Pretraining benefits may fade for underrepresented MOF metal nodes, defects, or guest-loaded structures. Likely sensitive to training-set coverage and transferability across chemistries.	Fine-tune on MOF datasets and test whether transfer helps scarce labels such as flexibility, defects, or guest response. Benchmark uncertainty and out-of-domain behavior before broad screening claims.	Already in the MOF literature; keep it only if the method adds a new representation, label space, or uncertainty/active-learning angle.
ReadMOF: Structure-Free Semantic Embeddings from Systematic MOF Nomenclature for Machine Learning	2026-04-12	arXiv (Cornell University)		https://arxiv.org/abs/2604.10568	0	8.289	foundation_model,h2,high_throughput,ml,mof	Here we introduce ReadMOF, which is, to our knowledge, the first nomenclature-free machine learning framework that leverages these names to model structure-property relationships without requiring atomic coordinates or connectivity graphs.	Pretraining benefits may fade for underrepresented MOF metal nodes, defects, or guest-loaded structures. Likely sensitive to training-set coverage and transferability across chemistries.	Fine-tune on MOF datasets and test whether transfer helps scarce labels such as flexibility, defects, or guest response. Benchmark uncertainty and out-of-domain behavior before broad screening claims.	Already in the MOF literature; keep it only if the method adds a new representation, label space, or uncertainty/active-learning angle.
Are Atoms Enough? An Explainable Graph Neural Network for Carbon Capture and Gas Separation in Metal-Organic Frameworks	2026-06-02	ChemRxiv	https://doi.org/10.26434/chemrxiv.15004189/v1	https://doi.org/10.26434/chemrxiv.15004189/v1	0	7.856	adsorption,co2,crystal,gnn,h2,high_throughput,ml,mof,separation,uncertainty	We introduce PoreGCN, a heterogeneous graph neural network in which Voronoi-derived pore vertices sit alongside atoms via dedicated atom-to-pore edges, giving the model a direct view of the cavities that govern adsorption and separation.	Acquisition functions and uncertainty estimates may be poorly calibrated outside the original chemistry domain. Representation gains depend on whether periodicity, long-range electrostatics, and porous-framework topology are handled.	Use uncertainty-aware active learning to choose MOF calculations that probe new nodes, linkers, and guest-loaded states. Benchmark node/linker-aware periodic graphs against generic crystal representations on MOF properties.	Already in the MOF literature; keep it only if the method adds a new representation, label space, or uncertainty/active-learning angle.
Comparative entropy analysis of 2D transition metal tetrahydroxyquinones via machine learning approaches	2026-01-31	Scientific Reports	https://doi.org/10.1038/s41598-026-37731-4	https://doi.org/10.1038/s41598-026-37731-4	0	7.500	h2,ml,mof,oxide	To this end, we develop and compare three machine learning based regression models: logarithmic, random forest, and XGBoost.	Likely sensitive to training-set coverage and transferability across chemistries.	Benchmark uncertainty and out-of-domain behavior before broad screening claims.	Directly relevant to MOF work, but likely less novel for this transfer-focused profile.
Generation of magnetic metal-organic frameworks	2026-04-30	ArXiv.org		https://arxiv.org/abs/2604.27879	0	7.489	battery,dft,foundation_model,high_throughput,interatomic_potential,mof,transfer_learning	The potential to utilize metal-organic frameworks as a replacement for rare earth materials as well as in technological applications has prompted increased interested in this material class.	Pretraining benefits may fade for underrepresented MOF metal nodes, defects, or guest-loaded structures. Electronic-structure trends may be stronger than finite-temperature dynamics, solvent, or kinetics.	Fine-tune on MOF datasets and test whether transfer helps scarce labels such as flexibility, defects, or guest response. Extend training to guest-loaded, distorted, and diffusion-transition configurations.	Already in the MOF literature; keep it only if the method adds a new representation, label space, or uncertainty/active-learning angle.
BaLoRA: Bayesian Low-Rank Adaptation of Large Scale Models	2026-04-27	ArXiv.org		https://arxiv.org/abs/2605.08110	0	7.456	foundation_model,h2,mof,transfer_learning,uncertainty	We introduce BaLoRA, a Bayesian extension of LoRA with a novel input-adaptive Bayesian parameterization of LoRA matrices that adds minimal parameters and compute.	Pretraining benefits may fade for underrepresented MOF metal nodes, defects, or guest-loaded structures. Acquisition functions and uncertainty estimates may be poorly calibrated outside the original chemistry domain.	Fine-tune on MOF datasets and test whether transfer helps scarce labels such as flexibility, defects, or guest response. Use uncertainty-aware active learning to choose MOF calculations that probe new nodes, linkers, and guest-loaded states.	Already in the MOF literature; keep it only if the method adds a new representation, label space, or uncertainty/active-learning angle.
